good,1,1,1,avg,good
200,300,400,thanks,hi,neha
20,300,400,thanks,hi,neha
vry good,bad,goof,hiiii,j,v
very very bad,v good,avg but good,waste,good,nice
very very bad,v good,avg but good,waste,good,nice
very very bad,v good,avg but good,waste,good,nice
very very bad,v good,avg but good,waste,good,nice
very very bad,v good,avg but good,waste,good,nice
very very bad,v good,avg but good,waste,good,nice
very very bad,v good,avg but good,waste,good,nice
very very bad,v good,avg but good,waste,good,nice
very very bad,v good,avg but good,waste,good,nice
very very bad,v good,avg but good,waste,good,nice
very very bad,v good,avg but good,waste,good,nice
very very bad,v good,avg but good,waste,good,nice
very very bad,v good,avg but good,waste,good,nice
very very bad,v good,avg but good,waste,good,nice
very very bad,v good,avg but good,waste,good,nice
very very bad,v good,avg but good,waste,good,nice
very very bad,v good,avg but good,waste,good,nice
very very bad,v good,avg but good,waste,good,nice
very very bad,v good,avg but good,waste,good,nice
very very bad,v good,avg but good,waste,good,nice
very very bad,v good,avg but good,waste,good,nice
,,,,,
,,,,,
,,,,,
,,,,,
,,,,,
,,,,,
,,,,,
,,,,,
good,b,1,41,51,neha
good,bad,good,4,51,goo
good,bad,good,bad,avg,goo
